Município,ibge,latitude,longitude,"Taxa de Mortalidade por Ano_1996 (-)","Taxa de Mortalidade por Ano_1997 (-)","Taxa de Mortalidade por Ano_1998 (-)","Taxa de Mortalidade por Ano_1999 (-)","Taxa de Mortalidade por Ano_2000 (-)","Taxa de Mortalidade por Ano_2001 (-)","Taxa de Mortalidade por Ano_2002 (-)","Taxa de Mortalidade por Ano_2003 (-)","Taxa de Mortalidade por Ano_2004 (-)","Taxa de Mortalidade por Ano_2005 (-)","Taxa de Mortalidade por Ano_2006 (-)","Taxa de Mortalidade por Ano_2007 (-)","Taxa de Mortalidade por Ano_2008 (-)","Taxa de Mortalidade por Ano_2009 (-)","Taxa de Mortalidade por Ano_2010 (-)","Taxa de Mortalidade por Ano_2011 (-)"
Aceguá,4300034,-31.860759999990,-54.167059999990,-,-,-,-,-,-,-,1.18,1.73,1.05,0.81,1.05,1.29,1.69,1.75,1.33
Agudo,4300109,-29.644700000000,-53.251500000000,1.30,0.74,1.35,1.02,1.05,1.20,1.81,2.02,1.72,2.57,3.49,3.16,2.76,2.22,3.00,2.05
Ajuricaba,4300208,-28.234200000000,-53.775700000000,1.46,0.56,1.07,0.65,2.13,2.06,2.84,1.60,3.11,2.81,2.26,2.73,3.46,3.39,2.94,3.10
Alecrim,4300307,-27.657900000000,-54.764899999990,0.72,1.68,0.67,1.36,1.11,2.00,1.06,1.67,1.36,0.62,0.23,1.05,0.87,0.53,-,2.24
Alegrete,4300406,-29.790199999990,-55.794899999990,3.08,3.08,3.12,2.99,3.40,4.45,4.66,4.68,5.87,5.84,5.85,5.86,5.01,5.82,6.21,6.69
Alegria,4300455,-27.834499999990,-54.055700000000,0.45,0.40,1.17,2.14,1.42,1.39,3.80,4.95,2.11,2.78,3.14,4.04,5.06,5.22,2.70,6.17
Alpestre,4300505,-27.250200000000,-53.034100000000,0.84,1.17,0.96,1.45,2.01,1.04,1.11,0.74,0.90,1.35,1.31,1.59,1.31,0.98,1.74,1.90
Alvorada,4300604,-29.991399999990,-51.080900000000,3.23,3.76,2.52,2.74,2.99,2.73,2.33,3.98,3.68,4.31,4.33,6.29,6.29,5.80,5.25,5.15
"Amaral Ferrador",4300638,-30.875599999990,-52.250999999990,1.55,0.27,0.87,1.40,0.38,-,-,1.65,2.15,2.55,1.32,-,-,-,5.56,12.20
"Ametista do Sul",4300646,-27.360700000000,-53.183000000000,-,-,-,-,0.37,0.80,1.25,0.77,0.46,0.71,-,2.30,0.92,1.38,2.29,2.88
"Anta Gorda",4300703,-28.969799999990,-52.010199999990,-,1.19,1.61,0.80,0.58,0.73,0.61,0.58,1.19,0.67,1.09,2.09,0.67,0.67,1.27,2.38
"Antônio Prado",4300802,-28.856500000000,-51.288300000000,2.05,3.86,2.06,1.40,0.81,1.21,1.00,1.46,1.22,1.32,2.20,2.33,2.23,1.61,1.86,1.72
Aratiba,4300901,-27.397800000000,-52.297499999990,1.41,1.93,1.37,1.06,0.98,1.43,1.37,0.93,1.23,2.12,2.27,2.24,0.84,1.46,1.66,1.31
"Arroio do Meio",4301008,-29.401399999990,-51.955700000000,0.60,0.75,0.61,0.86,1.09,1.87,1.38,1.32,1.26,1.80,2.11,3.21,2.95,4.62,4.33,3.81
"Arroio do Tigre",4301206,-29.334800000000,-53.096600000000,3.67,3.19,2.72,2.69,3.43,3.63,3.16,2.76,3.11,3.05,3.46,3.05,3.08,3.45,3.40,2.99
"Arroio dos Ratos",4301107,-30.087500000000,-51.727499999990,0.90,1.59,1.34,1.10,1.28,1.07,0.96,1.96,2.63,2.57,1.86,3.88,3.35,5.16,3.98,4.97
"Arroio Grande",4301305,-32.232700000000,-53.086199999990,0.84,1.89,1.92,2.44,2.18,2.35,3.21,3.27,3.40,4.18,4.25,2.44,3.51,2.50,4.02,4.32
Arvorezinha,4301404,-28.873699999990,-52.178100000000,1.04,0.83,0.18,0.45,1.16,1.95,1.67,1.10,0.77,0.68,1.01,1.53,0.62,1.84,0.62,1.31
"Augusto Pestana",4301503,-28.517299999990,-53.988300000000,1.46,1.21,1.20,1.81,0.99,2.59,1.91,3.82,4.47,3.23,2.95,3.74,4.19,4.56,3.61,3.94
Áurea,4301552,-27.693600000000,-52.050500000000,0.53,0.98,0.34,1.30,2.58,2.38,3.80,4.41,8.05,6.45,1.89,6.25,8.00,6.38,12.00,-
Bagé,4301602,-31.329699999990,-54.099899999990,3.99,4.55,4.34,4.54,4.60,4.78,4.76,5.15,5.58,5.45,6.15,6.36,6.29,7.02,7.45,6.86
Barão,4301651,-29.372500000000,-51.494900000000,1.35,1.32,0.97,0.83,2.01,2.30,0.54,1.23,0.38,1.09,-,0.35,0.72,0.34,1.00,1.14
"Barão de Cotegipe",4301701,-27.620799999990,-52.379800000000,1.01,0.78,0.33,1.68,1.01,0.57,1.17,0.89,0.94,1.14,0.75,1.29,0.39,0.37,-,-
"Barra do Ribeiro",4301909,-30.293900000000,-51.301400000000,6.19,2.94,3.70,7.98,-,-,-,-,-,-,-,-,-,-,-,-
Barracão,4301800,-27.673900000000,-51.458599999990,1.83,3.15,1.24,0.82,1.08,2.24,1.22,1.57,1.14,1.89,1.01,1.03,-,0.89,4.44,-
"Barros Cassal",4302006,-29.094700000000,-52.583599999990,1.20,0.64,0.46,0.90,2.11,1.20,1.81,0.83,0.94,1.17,0.66,2.37,0.43,-,-,-
"Bento Gonçalves",4302105,-29.166200000000,-51.516500000000,3.01,3.04,3.24,3.41,3.68,2.97,3.53,3.29,2.85,3.42,3.54,4.07,4.09,4.65,4.21,3.80
"Boa Vista do Buricá",4302204,-27.669300000000,-54.108199999990,1.61,1.83,1.72,2.99,1.89,1.26,1.16,0.61,1.59,1.09,0.92,1.69,2.04,2.99,2.46,4.04
"Bom Jesus",4302303,-28.669699999990,-50.429499999990,0.95,1.05,1.02,1.51,1.60,0.79,1.09,1.04,0.24,0.72,1.61,0.78,1.34,1.93,2.45,1.36
"Bom Princípio",4302352,-29.485600000000,-51.354799999990,2.77,1.81,2.57,1.98,2.43,2.20,2.39,2.39,3.08,3.04,2.77,2.71,2.60,2.89,1.95,2.12
"Bom Retiro do Sul",4302402,-29.608599999990,-51.946399999990,1.86,1.07,2.02,1.67,2.04,2.63,3.32,3.18,4.06,4.31,4.90,4.15,3.86,2.96,3.94,4.95
"Boqueirão do Leão",4302451,-29.304600000000,-52.428400000000,1.57,2.77,1.85,0.99,0.44,1.29,1.25,1.27,0.57,1.70,0.95,1.46,1.86,0.81,2.07,2.08
Bossoroca,4302501,-28.729099999990,-54.903500000000,1.12,1.59,2.12,1.64,0.36,1.16,0.28,1.32,1.24,0.43,-,-,-,-,-,-
Braga,4302600,-27.617300000000,-53.740499999990,0.51,2.04,1.62,1.46,1.12,1.92,0.53,0.38,0.95,3.91,4.32,0.55,1.23,1.95,3.08,-
Brochier,4302659,-29.550100000000,-51.594499999990,0.28,-,-,0.57,-,-,-,-,-,-,-,-,-,-,0.86,5.49
Butiá,4302709,-30.117899999990,-51.960099999990,1.15,0.63,1.20,1.84,3.33,1.88,1.82,1.66,3.34,4.34,3.44,5.20,3.23,4.37,4.66,6.01
"Caçapava do Sul",4302808,-30.514399999990,-53.482700000000,1.39,0.97,1.51,1.90,2.35,3.19,3.57,3.98,5.23,5.09,3.95,4.06,4.55,5.10,4.13,6.08
Cacequi,4302907,-29.888300000000,-54.822000000000,1.15,1.34,1.47,0.99,1.51,1.54,1.15,2.56,0.87,2.31,2.73,3.16,3.53,2.81,2.31,2.69
"Cachoeira do Sul",4303004,-30.033000000000,-52.892800000000,4.86,5.19,5.12,5.32,5.36,5.40,5.09,5.64,6.48,6.40,6.59,6.43,6.96,6.88,5.94,6.32
Cachoeirinha,4303103,-29.947199999990,-51.101599999990,1.99,3.56,1.17,1.37,1.66,2.76,3.44,4.59,4.08,4.43,4.34,4.29,4.20,4.87,4.64,4.80
"Cacique Doble",4303202,-27.766999999990,-51.659700000000,2.08,1.50,0.36,1.34,1.13,2.07,1.39,1.23,0.35,1.29,0.55,1.16,-,0.80,-,-
Caibaté,4303301,-28.290500000000,-54.645400000000,1.27,0.65,1.93,2.24,1.17,2.29,3.07,1.05,2.01,4.06,2.22,2.09,2.09,3.47,3.90,4.72
Caiçara,4303400,-27.279100000000,-53.425699999990,2.10,1.04,0.79,1.85,1.96,0.81,1.09,-,1.51,1.05,0.68,1.06,3.97,-,0.29,0.70
Camaquã,4303509,-30.848900000000,-51.804299999990,1.86,1.92,2.76,2.30,2.01,2.50,3.53,3.60,4.01,3.80,4.28,4.97,4.88,4.94,4.93,6.29
"Cambará do Sul",4303608,-29.047400000000,-50.146500000000,0.20,0.35,0.51,0.37,-,0.18,0.42,0.97,1.08,1.61,0.77,2.23,3.50,1.02,5.68,5.26
"Campina das Missões",4303707,-27.988800000000,-54.841700000000,1.68,3.33,2.94,2.36,2.43,1.78,1.25,1.79,2.26,2.34,2.70,3.75,3.44,1.99,3.18,3.08
"Campinas do Sul",4303806,-27.717400000000,-52.624800000000,-,-,-,-,0.19,0.88,0.57,0.44,-,-,0.54,-,-,0.36,0.99,-
"Campo Bom",4303905,-29.674700000000,-51.060600000000,2.51,2.00,2.45,1.95,-,2.07,2.76,2.74,2.85,2.61,2.73,3.07,2.78,3.73,3.54,4.14
"Campo Novo",4304002,-27.679200000000,-53.805199999990,0.32,0.32,-,0.47,0.15,0.60,0.16,-,0.20,0.95,2.09,0.70,2.34,1.93,2.64,2.44
"Campos Borges",4304101,-28.887100000000,-53.000799999990,0.85,1.90,1.35,1.28,1.75,0.40,0.53,2.38,3.45,1.64,0.78,-,-,-,-,-
Candelária,4304200,-29.668399999990,-52.789499999990,1.96,2.74,2.23,2.24,2.56,2.52,3.05,4.31,3.52,3.96,3.42,3.96,4.09,3.89,3.87,3.01
"Cândido Godói",4304309,-27.951499999990,-54.751700000000,0.59,1.04,1.64,1.95,1.30,1.50,1.06,1.47,1.85,1.43,3.01,2.12,2.26,3.77,1.64,2.03
Canela,4304408,-29.356000000000,-50.811900000000,2.07,0.96,1.22,2.65,1.16,1.87,2.16,1.61,3.13,3.64,2.23,2.59,2.02,2.29,2.22,4.25
Canguçu,4304507,-31.396000000000,-52.678199999990,3.12,2.75,3.08,2.79,2.87,2.77,3.33,3.09,1.86,3.15,2.95,3.50,4.24,4.76,5.48,4.45
Canoas,4304606,-29.912800000000,-51.185699999990,4.79,3.86,5.30,4.40,3.93,4.64,4.89,5.58,5.12,5.78,5.22,6.07,4.87,4.43,4.29,4.55
"Capão da Canoa",4304630,-29.639700000000,-49.959899999990,0.73,1.48,1.88,2.54,2.37,2.30,1.23,1.57,1.92,1.99,2.28,3.00,2.15,4.35,3.93,3.71
Carazinho,4304705,-28.295800000000,-52.793300000000,3.74,3.31,4.40,3.89,4.16,3.97,4.39,4.94,4.78,5.01,4.82,5.93,4.68,5.07,5.29,5.66
"Carlos Barbosa",4304804,-29.296900000000,-51.502899999990,1.45,1.11,0.81,0.72,0.31,1.97,1.95,1.25,1.34,0.14,1.71,1.33,2.01,1.59,0.64,0.93
Casca,4304903,-28.560500000000,-51.981499999990,2.33,2.33,3.82,3.65,3.19,3.26,3.72,4.07,5.51,4.96,4.89,6.00,4.99,3.80,4.30,3.40
Catuípe,4305009,-28.255400000000,-54.013199999990,0.90,0.66,0.77,0.99,1.79,1.90,-,-,-,-,-,-,-,-,-,-
"Caxias do Sul",4305108,-29.162900000000,-51.179200000000,3.79,3.30,3.49,3.45,3.87,4.10,3.80,4.05,4.06,4.26,4.79,4.93,5.03,4.80,4.98,5.16
"Cerro Branco",4305132,-29.657000000000,-52.940600000000,1.33,2.23,0.56,0.36,-,0.76,-,1.97,4.95,2.90,3.86,6.67,3.76,3.86,6.70,5.73
"Cerro Largo",4305207,-28.146200000000,-54.742800000000,1.43,1.46,1.99,1.60,2.53,2.05,1.57,1.10,1.39,1.97,1.83,2.02,1.27,1.41,1.85,3.73
Chapada,4305306,-28.055900000000,-53.066499999990,1.17,2.71,1.64,1.85,1.65,4.24,2.70,2.84,3.30,3.06,2.78,3.44,2.22,5.67,4.20,3.80
Charqueadas,4305355,-29.962500000000,-51.628900000000,2.55,1.87,2.14,3.18,1.99,3.66,3.16,3.45,4.71,5.90,6.88,-,-,-,-,-
Chiapetta,4305405,-27.922999999990,-53.941899999990,1.34,1.14,2.08,1.27,2.35,4.43,2.28,2.81,1.18,0.57,1.77,2.09,2.79,2.91,4.44,3.10
Cidreira,4305454,-30.160399999990,-50.233800000000,3.90,4.55,-,-,-,-,-,-,-,-,-,-,-,-,-,-
Ciríaco,4305504,-28.341899999990,-51.874099999990,0.91,3.14,2.31,0.96,1.01,0.71,1.76,1.44,2.09,1.55,1.75,0.45,2.69,2.80,4.76,-
Colorado,4305603,-28.525800000000,-52.992800000000,0.53,0.71,0.97,1.88,1.41,-,-,-,-,-,-,-,-,-,-,-
Condor,4305702,-28.207500000000,-53.490499999990,1.80,1.63,2.65,1.96,1.19,2.63,2.23,1.01,2.22,0.90,1.23,3.23,3.65,2.79,1.40,2.01
Constantina,4305801,-27.731999999990,-52.993800000000,0.49,1.23,0.61,1.53,0.85,1.25,0.85,0.69,1.26,1.49,1.39,1.42,2.75,1.87,2.01,3.08
"Coronel Bicaco",4305900,-27.719700000000,-53.702199999990,1.32,1.44,1.77,1.23,1.44,0.17,1.06,0.72,0.57,0.47,0.58,1.52,0.43,0.74,1.46,-
Cotiporã,4305959,-28.989100000000,-51.697099999990,0.24,0.54,0.95,1.20,0.72,2.09,-,-,-,-,-,-,-,-,-,-
Crissiumal,4306007,-27.499900000000,-54.099400000000,2.65,2.54,3.81,3.96,2.85,2.45,2.27,2.63,1.85,3.01,2.00,2.48,1.66,1.55,2.02,0.90
"Cruz Alta",4306106,-28.645000000000,-53.604799999990,3.41,2.76,3.14,3.14,3.50,3.76,4.23,4.58,4.44,4.23,4.56,4.32,5.09,5.10,5.36,4.89
"Cruzeiro do Sul",4306205,-29.514800000000,-51.992800000000,1.26,0.11,1.24,1.29,2.55,3.36,2.28,1.95,2.72,3.00,2.82,3.23,5.99,2.86,5.68,6.27
"David Canabarro",4306304,-28.384899999990,-51.848199999990,-,0.19,-,0.93,1.68,0.74,0.88,0.64,-,1.46,1.11,1.66,1.16,1.23,2.00,1.06
"Dezesseis de Novembro",4306353,-28.219000000000,-55.061700000000,0.93,0.48,-,-,-,-,-,-,-,-,-,-,-,-,-,-
"Dois Irmãos",4306403,-29.583600000000,-51.089799999990,1.33,0.94,0.95,0.75,1.56,2.19,2.90,3.31,3.20,2.20,2.52,3.02,3.34,3.09,2.37,2.01
"Dois Lajeados",4306452,-28.983000000000,-51.839599999990,0.24,0.19,3.04,3.13,3.13,2.49,1.35,3.88,5.23,3.21,0.60,3.77,4.13,3.05,2.73,4.25
"Dom Feliciano",4306502,-30.700399999990,-52.102600000000,1.07,1.75,1.09,1.57,1.78,1.82,1.76,2.62,2.67,2.76,3.25,3.82,2.44,2.22,2.01,-
"Dom Pedrito",4306601,-30.975600000000,-54.669400000000,4.01,4.22,3.77,3.72,4.03,3.70,5.13,5.62,5.61,6.28,3.95,5.12,4.23,5.36,6.10,6.41
"Dona Francisca",4306700,-29.619499999990,-53.361699999990,1.30,1.42,0.52,1.10,0.96,-,2.15,3.97,2.42,4.12,3.64,-,-,-,-,-
"Doutor Maurício Cardoso",4306734,-27.510300000000,-54.357799999990,0.94,0.38,1.73,0.60,1.33,1.42,4.02,4.98,1.57,4.10,3.51,3.25,0.54,-,1.90,2.52
Encantado,4306809,-29.235099999990,-51.870300000000,0.57,0.38,0.13,0.89,0.68,0.34,0.34,0.29,0.15,0.15,1.02,2.18,1.51,1.75,2.98,2.77
"Encruzilhada do Sul",4306908,-30.542999999990,-52.520400000000,1.55,0.90,0.71,0.90,1.19,3.55,2.75,3.15,3.25,3.27,3.16,4.43,3.12,4.52,4.71,4.35
"Engenho Velho",4306924,-27.706000000000,-52.914499999990,1.02,0.47,1.15,-,0.44,-,0.96,0.83,-,1.27,-,0.96,-,-,-,-
Erechim,4307005,-27.636399999990,-52.269700000000,3.24,3.21,3.30,3.31,3.40,4.14,4.32,4.12,4.36,4.08,3.76,4.27,3.18,3.54,3.76,3.51
Ernestina,4307054,-28.497699999990,-52.583599999990,0.38,0.77,1.27,0.82,1.70,1.79,-,-,-,-,-,-,-,-,-,-
"Erval Grande",4307203,-27.392600000000,-52.573999999990,0.87,0.89,0.60,1.40,0.63,0.75,0.46,0.98,0.63,1.55,0.72,1.82,-,2.00,-,1.03
"Erval Seco",4307302,-27.544300000000,-53.500500000000,0.29,0.28,0.22,0.45,0.14,0.53,0.61,1.14,0.15,0.82,0.50,0.72,0.67,2.08,0.80,1.83
Esmeralda,4307401,-28.051800000000,-51.193300000000,0.72,1.65,2.03,1.72,1.82,-,-,-,-,-,-,-,-,-,-,-
Espumoso,4307500,-28.728600000000,-52.846100000000,0.91,0.84,1.43,0.72,1.57,2.11,1.75,2.73,1.56,1.71,1.60,2.00,1.75,-,0.24,0.37
Estação,4307559,-27.913499999990,-52.263500000000,1.61,0.74,2.11,2.11,1.50,1.79,0.51,3.37,1.25,3.03,5.36,1.13,1.15,2.55,3.85,3.03
"Estância Velha",4307609,-29.653500000000,-51.184300000000,2.08,1.63,2.04,0.80,2.38,2.01,2.85,3.40,2.68,3.08,2.85,2.48,2.17,2.25,2.79,3.65
Esteio,4307708,-29.852000000000,-51.184100000000,4.82,5.68,5.25,4.90,4.46,4.47,5.95,6.11,6.31,4.78,4.81,5.01,4.62,5.22,6.51,5.47
Estrela,4307807,-29.501600000000,-51.960500000000,3.76,1.81,3.30,3.98,3.91,4.12,5.37,5.05,4.88,5.69,5.79,6.29,5.05,5.98,5.39,5.49
Farroupilha,4307906,-29.222700000000,-51.341900000000,1.14,1.12,1.90,1.34,1.36,2.32,2.26,2.96,2.76,2.82,3.79,2.63,2.30,4.26,3.91,3.32
"Faxinal do Soturno",4308003,-29.578800000000,-53.448399999990,0.94,1.47,0.63,1.58,1.40,0.83,0.39,1.29,2.45,4.19,4.72,2.57,1.23,2.10,1.74,2.39
Feliz,4308102,-29.452700000000,-51.303199999990,1.26,0.68,1.45,1.58,-,-,-,-,1.80,3.46,3.32,4.82,3.94,3.00,2.90,4.76
"Flores da Cunha",4308201,-29.026199999990,-51.187500000000,2.17,0.76,1.11,2.47,1.12,1.32,2.51,1.58,1.64,0.70,1.60,2.60,1.20,1.89,0.81,0.20
"Fontoura Xavier",4308300,-28.981600000000,-52.344499999990,0.94,2.16,1.75,1.89,1.90,0.41,1.48,1.09,1.31,1.67,1.65,1.05,1.14,1.26,1.63,1.53
Formigueiro,4308409,-30.003499999990,-53.495899999990,0.59,0.26,1.13,1.49,1.42,1.78,1.80,4.18,2.65,2.21,5.96,8.04,2.78,10.45,4.82,1.80
"Fortaleza dos Valos",4308458,-28.798600000000,-53.224899999990,1.16,0.41,0.68,1.03,1.74,1.52,2.33,0.49,1.45,1.58,3.63,2.94,1.17,1.72,-,4.76
"Frederico Westphalen",4308508,-27.358599999990,-53.395800000000,1.37,1.11,1.96,2.06,1.48,1.27,2.17,1.95,2.71,2.77,2.79,3.26,3.09,4.05,3.31,3.09
Garibaldi,4308607,-29.259000000000,-51.535200000000,1.72,1.31,1.29,1.26,1.93,1.49,2.18,2.02,2.00,1.96,2.62,2.72,2.17,2.21,2.07,1.55
Gaurama,4308706,-27.585599999990,-52.091500000000,1.66,0.91,1.15,0.98,0.87,1.58,1.78,2.50,1.74,1.27,1.09,2.53,1.33,1.97,1.38,2.40
"General Câmara",4308805,-29.903199999990,-51.761200000000,2.68,1.59,1.75,1.55,3.61,2.70,3.70,9.62,-,-,-,-,-,-,-,-
"Getúlio Vargas",4308904,-27.891100000000,-52.229399999990,1.91,1.22,2.39,2.09,2.07,1.84,1.71,2.00,1.62,2.37,2.03,1.58,1.77,2.53,1.69,3.38
Giruá,4309001,-28.029699999990,-54.351700000000,0.75,1.02,0.53,2.03,4.13,3.18,3.55,2.81,3.60,3.08,2.49,3.62,1.85,3.35,3.04,3.69
Gramado,4309100,-29.373300000000,-50.876199999990,2.00,1.01,0.22,0.20,0.28,1.00,2.74,2.81,2.93,3.54,3.65,3.25,4.23,6.81,5.99,5.54
Gravataí,4309209,-29.941299999990,-50.986899999990,3.84,3.91,4.47,4.97,4.40,5.54,4.99,4.91,5.51,4.81,6.03,6.21,5.53,6.05,6.79,7.52
Guabiju,4309258,-28.542100000000,-51.694800000000,0.98,3.64,1.56,1.04,1.12,0.44,3.13,0.87,1.85,-,3.45,4.65,4.46,-,4.72,3.64
Guaíba,4309308,-30.108599999990,-51.323300000000,2.45,2.75,3.19,3.59,2.75,3.83,3.87,4.27,3.55,3.54,4.03,5.31,5.80,7.05,9.28,9.88
Guaporé,4309407,-28.839900000000,-51.889499999990,2.00,1.73,2.96,2.74,1.84,2.00,2.06,2.08,2.75,1.91,2.94,2.62,2.51,3.71,4.98,2.87
"Guarani das Missões",4309506,-28.149100000000,-54.562899999990,2.10,1.94,3.40,2.70,2.04,2.48,2.33,3.87,2.84,3.25,2.59,4.30,5.09,4.28,3.70,3.15
Herval,4307104,-32.024000000000,-53.394399999990,2.61,1.51,2.00,2.93,0.15,0.33,2.24,2.43,2.63,2.72,2.95,5.45,3.65,6.52,6.16,0.64
Horizontina,4309605,-27.628200000000,-54.305300000000,1.49,0.86,2.18,2.57,1.60,2.36,1.29,2.06,2.14,3.01,1.65,1.66,2.81,3.17,3.05,2.78
Humaitá,4309704,-27.569099999990,-53.969499999990,1.55,1.01,1.45,1.09,1.35,0.57,2.20,3.43,0.47,1.06,2.33,2.67,0.79,0.50,1.80,2.91
Ibiaçá,4309803,-28.056600000000,-51.859900000000,1.55,1.13,1.68,1.77,0.56,0.63,0.62,0.93,0.98,1.02,0.33,0.33,0.88,1.20,2.11,-
Ibiraiaras,4309902,-28.374099999990,-51.637700000000,0.32,-,-,-,-,-,-,0.40,1.68,0.85,3.32,4.62,5.61,13.98,-,-
Ibirubá,4310009,-28.630199999990,-53.096100000000,1.03,0.95,0.94,0.48,0.74,2.04,1.55,1.71,1.55,1.64,1.79,1.23,1.60,1.68,2.75,2.49
Igrejinha,4310108,-29.569299999990,-50.791899999990,1.57,2.51,2.18,3.42,2.76,3.03,3.30,3.48,3.27,2.63,2.30,3.45,3.64,4.21,5.87,5.85
Ijuí,4310207,-28.388100000000,-53.920000000000,4.07,3.88,4.06,3.83,4.27,5.35,5.84,5.52,5.30,5.45,5.84,6.57,5.59,5.83,5.97,5.74
Ilópolis,4310306,-28.928200000000,-52.125799999990,-,-,-,1.28,1.30,0.73,0.52,1.12,0.28,0.65,0.85,0.30,0.82,1.96,1.29,0.32
Imigrante,4310363,-29.350800000000,-51.774700000000,1.41,0.26,2.39,1.75,0.41,1.39,2.67,-,-,-,-,-,-,-,-,-
Independência,4310405,-27.835400000000,-54.188600000000,1.44,0.71,0.90,0.69,2.74,2.56,1.20,4.55,1.69,1.82,7.47,7.93,6.92,11.63,-,-
Ipê,4310439,-28.817100000000,-51.285899999990,0.94,1.56,1.25,0.78,-,-,-,-,-,-,-,-,-,-,-,-
Iraí,4310504,-27.195100000000,-53.254300000000,1.55,0.37,1.64,1.13,1.65,1.48,2.46,2.82,3.43,2.61,2.69,2.52,3.40,1.86,2.55,2.04
Itaqui,4310603,-29.131000000000,-56.551499999990,1.44,2.25,1.74,2.32,1.64,1.63,1.88,2.23,2.79,3.62,3.58,3.88,2.69,2.89,3.22,4.50
"Itatiba do Sul",4310702,-27.384599999990,-52.453800000000,0.44,0.74,1.26,0.96,1.44,1.66,3.15,5.48,4.55,4.76,7.55,11.11,6.58,17.65,27.27,9.68
Ivorá,4310751,-29.523199999990,-53.584200000000,1.44,1.74,2.83,3.79,2.93,2.49,0.56,1.89,4.24,3.97,2.42,3.08,1.32,1.82,4.08,-
Ivoti,4310801,-29.599499999990,-51.153300000000,2.25,1.57,1.81,2.13,2.28,1.98,2.41,2.90,2.08,3.13,3.04,3.87,3.49,3.68,3.74,4.37
Jaboticaba,4310850,-27.634699999990,-53.276200000000,1.08,0.67,1.53,1.59,2.90,2.52,1.98,2.62,2.20,1.95,2.47,2.17,2.58,3.18,2.17,1.81
Jacutinga,4310900,-27.729099999990,-52.537199999990,0.81,2.30,2.33,6.21,3.06,3.29,1.20,3.24,4.42,3.03,1.56,2.78,5.62,7.57,8.66,9.09
Jaguarão,4311007,-32.560400000000,-53.377000000000,2.42,3.35,2.10,3.51,2.63,3.01,3.06,2.83,4.20,2.61,3.90,3.06,3.36,4.81,4.14,4.82
Jaguari,4311106,-29.493600000000,-54.703000000000,1.59,1.11,2.06,1.30,2.14,2.04,1.95,2.18,2.25,3.45,3.90,2.88,3.32,2.89,4.69,3.06
Jaquirana,4311122,-28.881100000000,-50.363700000000,1.47,1.72,1.92,0.92,0.97,0.30,1.99,2.15,1.90,0.61,0.96,-,4.24,1.43,1.65,0.77
Jóia,4311155,-28.643500000000,-54.114100000000,0.12,0.14,0.30,0.11,0.55,-,0.55,1.29,1.91,-,-,-,-,-,-,-
"Júlio de Castilhos",4311205,-29.229800000000,-53.677199999990,1.76,1.61,2.16,1.67,1.11,2.01,2.14,2.33,2.80,2.00,2.20,3.42,2.91,2.60,2.34,2.88
"Lagoa Vermelha",4311304,-28.209299999990,-51.524799999990,2.01,2.02,1.87,2.56,2.08,1.85,2.24,2.67,4.21,3.22,3.25,3.68,4.62,4.35,5.04,4.48
Lagoão,4311254,-29.234800000000,-52.799700000000,2.16,0.29,1.43,2.70,-,-,2.80,1.76,2.06,0.72,-,1.45,1.18,-,-,-
Lajeado,4311403,-29.459099999990,-51.964399999990,3.87,3.27,3.51,3.95,4.50,4.52,4.00,4.68,5.31,4.75,3.98,4.01,4.06,4.74,4.23,4.32
"Lavras do Sul",4311502,-30.807099999990,-53.893099999990,2.05,1.17,2.41,1.59,1.75,1.76,1.49,2.60,1.45,0.69,1.13,0.76,0.48,1.65,-,-
"Liberato Salzano",4311601,-27.600999999990,-53.075299999990,-,0.23,0.32,0.74,-,-,-,-,-,-,-,-,-,-,-,-
Machadinho,4311700,-27.566700000000,-51.666800000000,0.97,1.30,1.64,2.21,3.57,1.42,2.30,2.32,1.32,0.84,0.77,0.47,-,-,-,1.83
Marau,4311809,-28.449800000000,-52.198599999990,1.05,0.39,0.88,0.92,1.25,1.18,0.93,1.16,0.90,0.94,1.86,1.95,2.24,2.52,2.48,2.45
"Marcelino Ramos",4311908,-27.467600000000,-51.909500000000,-,0.36,1.26,1.60,1.51,2.49,1.57,1.00,0.78,1.78,0.73,0.47,0.37,0.68,0.78,0.22
"Mariano Moro",4312005,-27.356800000000,-52.146700000000,0.42,0.44,0.95,1.01,3.01,3.21,3.39,2.03,0.93,3.33,2.20,2.06,2.82,3.90,5.41,3.85
"Marques de Souza",4312054,-29.331099999990,-52.097299999990,-,-,-,-,-,-,-,2.82,2.30,2.76,3.05,2.78,2.96,2.38,3.02,1.57
Mata,4312104,-29.564900000000,-54.464100000000,1.80,0.81,1.93,1.81,2.64,0.97,1.16,1.40,1.77,2.23,1.42,0.94,0.62,2.86,3.55,2.20
"Maximiliano de Almeida",4312203,-27.632500000000,-51.802100000000,1.33,1.07,2.55,1.57,0.64,0.65,0.72,0.56,0.85,0.85,0.27,1.05,1.05,0.78,1.10,1.19
Miraguaí,4312302,-27.497000000000,-53.689100000000,0.22,0.68,0.78,0.81,-,1.20,-,-,-,-,-,-,-,-,-,-
Montenegro,4312401,-29.682400000000,-51.467900000000,2.86,3.07,3.18,3.25,2.63,3.22,3.57,4.64,4.07,4.77,5.62,6.31,5.72,4.33,3.89,5.07
"Morro Redondo",4312450,-31.588699999990,-52.626100000000,3.14,3.05,3.15,5.04,4.02,2.80,2.16,3.32,3.94,1.56,2.53,3.17,4.03,3.45,10.12,8.59
Mostardas,4312500,-31.105399999990,-50.916699999990,0.25,0.69,1.01,0.48,3.00,1.29,2.25,4.31,0.45,-,2.87,3.22,3.41,5.93,5.24,6.58
Muçum,4312609,-29.163000000000,-51.871400000000,1.07,1.89,1.99,1.67,1.95,1.11,3.64,3.35,2.74,3.24,5.52,3.29,3.45,5.78,6.77,6.20
Não-Me-Toque,4312658,-28.454799999990,-52.818199999990,1.48,1.02,1.09,1.17,0.81,0.61,1.04,1.29,1.33,0.88,0.98,1.34,1.01,0.47,0.58,1.20
Nonoai,4312708,-27.368900000000,-52.775599999990,1.33,1.49,2.00,1.63,1.78,1.80,1.42,1.57,1.46,2.04,0.98,1.35,1.32,2.30,3.32,2.44
"Nova Alvorada",4312757,-28.682200000000,-52.163100000000,-,-,-,-,-,-,-,-,-,1.05,3.28,-,2.08,20.00,-,-
"Nova Bassano",4312906,-28.729099999990,-51.707200000000,2.83,1.97,0.67,2.01,1.85,1.25,1.38,2.12,1.57,3.23,-,-,-,0.31,1.68,3.19
"Nova Bréscia",4313003,-29.218200000000,-52.031900000000,1.48,1.56,2.20,1.63,1.38,0.72,0.38,1.72,0.72,1.26,-,0.50,0.45,4.09,3.38,2.77
"Nova Palma",4313102,-29.471000000000,-53.468899999990,0.70,0.84,1.03,1.46,1.62,0.83,0.41,1.12,1.44,1.49,0.93,0.92,1.10,0.22,0.66,0.26
"Nova Petrópolis",4313201,-29.374099999990,-51.113500000000,1.83,3.10,2.16,1.83,1.51,3.20,3.89,3.97,4.14,3.89,3.55,4.79,4.37,4.40,4.74,7.12
"Nova Prata",4313300,-28.779900000000,-51.611300000000,1.52,1.03,0.82,1.18,0.63,0.72,0.68,2.22,3.41,3.44,3.17,2.61,3.51,3.34,2.80,4.95
"Nova Roma do Sul",4313359,-28.988199999990,-51.409500000000,0.93,2.96,2.55,1.32,-,-,-,-,-,-,-,-,-,-,-,-
"Novo Hamburgo",4313409,-29.687600000000,-51.132800000000,4.77,4.50,4.76,4.43,4.50,4.96,5.57,4.87,5.35,4.74,5.48,5.89,5.32,6.21,6.07,6.13
Osório,4313508,-29.888100000000,-50.266700000000,1.87,0.86,1.26,1.75,2.18,2.01,1.96,1.76,2.34,2.03,1.93,2.71,2.48,2.84,3.69,2.47
"Paim Filho",4313607,-27.707500000000,-51.762999999990,1.10,0.73,1.07,0.86,1.71,1.55,0.99,1.49,1.22,1.02,2.34,3.07,2.73,1.55,1.53,4.29
"Palmares do Sul",4313656,-30.253499999990,-50.510300000000,1.86,1.48,1.84,2.31,2.06,2.86,3.44,2.86,3.56,2.86,4.81,5.93,3.57,2.68,6.02,8.14
"Palmeira das Missões",4313706,-27.900600000000,-53.313400000000,2.11,1.97,2.80,2.62,2.70,2.79,1.87,2.79,2.80,2.72,2.65,4.37,3.38,2.41,3.51,4.91
Palmitinho,4313805,-27.359600000000,-53.558000000000,1.36,1.57,1.17,1.50,1.99,0.99,1.30,1.26,1.93,1.07,1.40,1.09,2.06,1.06,1.24,1.49
Panambi,4313904,-28.283300000000,-53.502299999990,1.29,1.97,1.96,2.03,2.77,1.66,1.86,2.08,2.90,2.13,2.10,3.02,3.87,3.18,2.44,2.92
Paraí,4314001,-28.596399999990,-51.789600000000,0.76,0.29,0.85,0.57,1.11,1.91,1.43,1.42,1.49,1.99,2.46,1.93,0.81,1.09,0.95,0.52
"Paraíso do Sul",4314027,-29.671700000000,-53.143999999990,1.60,0.90,2.23,2.21,0.70,1.63,0.34,2.40,2.23,2.49,3.82,3.03,1.55,1.70,3.05,3.21
Parobé,4314050,-29.624300000000,-50.831200000000,-,-,-,-,-,-,-,-,-,0.21,1.74,3.33,2.51,4.84,3.56,4.00
"Passo do Sobrado",4314076,-29.748000000000,-52.274799999990,0.56,0.80,2.44,3.58,3.60,2.84,1.23,-,-,-,-,-,-,-,-,-
"Passo Fundo",4314100,-28.257600000000,-52.409100000000,4.03,4.04,3.93,3.68,4.09,4.55,4.57,4.34,4.85,4.74,4.71,5.09,3.95,4.78,4.51,4.21
Paverama,4314159,-29.548500000000,-51.733899999990,1.44,0.47,0.76,1.19,1.20,1.06,0.80,1.93,1.65,3.55,2.21,3.69,3.22,3.74,5.59,3.42
"Pedras Altas",4314175,-31.721699999990,-53.583799999990,-,-,-,-,-,-,-,3.13,1.11,2.07,-,-,-,-,-,-
"Pedro Osório",4314209,-31.864200000000,-52.818399999990,1.36,1.29,2.61,2.64,2.99,1.99,4.70,4.59,4.34,3.41,3.05,3.42,2.15,3.04,4.87,4.38
Pejuçara,4314308,-28.428300000000,-53.657899999990,-,-,-,-,0.33,-,-,-,-,-,0.94,-,0.60,1.73,2.14,-
Pelotas,4314407,-31.764900000000,-52.337100000000,4.44,4.36,4.52,4.15,4.28,3.76,4.12,4.20,5.21,4.64,4.34,4.81,4.76,4.80,5.35,5.32
"Pinhal Grande",4314472,-29.344999999990,-53.320700000000,1.21,0.38,0.54,1.45,0.83,0.86,0.82,-,-,1.28,0.33,-,-,0.36,1.09,1.84
"Pinheiro Machado",4314506,-31.579400000000,-53.379800000000,1.34,1.40,1.29,1.16,1.53,1.64,1.95,2.37,2.06,1.69,2.12,1.86,3.75,5.36,6.09,5.90
Pirapó,4314555,-28.043900000000,-55.200099999990,2.44,0.69,0.38,-,-,-,-,-,0.85,-,-,-,-,-,-,-
Piratini,4314605,-31.447299999990,-53.097299999990,1.10,0.21,1.71,1.68,2.09,1.90,1.93,2.43,2.06,1.67,1.16,0.89,2.13,2.54,3.42,2.64
Planalto,4314704,-27.329699999990,-53.057500000000,0.83,0.87,1.01,1.51,0.98,0.96,0.66,1.38,0.66,0.45,0.43,0.26,1.32,1.90,2.51,1.71
"Poço das Antas",4314753,-29.448100000000,-51.671900000000,0.95,0.99,1.17,0.28,-,-,-,-,-,-,-,-,-,-,-,-
Portão,4314803,-29.701499999990,-51.242899999990,1.49,1.40,1.00,1.91,1.57,1.16,1.16,1.28,1.88,2.17,3.00,2.33,1.91,2.35,2.82,2.63
"Porto Alegre",4314902,-30.032778000000,-51.230000000000,4.44,4.43,4.73,4.38,4.11,4.31,4.44,4.77,5.10,4.97,4.89,5.13,4.82,4.77,4.80,4.44
"Porto Lucena",4315008,-27.856900000000,-55.009999999990,1.02,1.58,2.74,2.24,1.67,2.01,3.14,1.41,1.43,2.24,1.20,2.20,3.36,2.07,3.91,3.44
"Porto Xavier",4315107,-27.908200000000,-55.137900000000,0.52,0.62,0.95,0.77,1.94,1.38,2.31,2.38,2.56,1.92,3.37,2.78,2.82,4.67,4.22,4.47
Progresso,4315156,-29.244199999990,-52.319699999990,0.14,2.33,2.62,1.91,1.88,1.37,1.39,0.76,1.65,0.89,1.99,1.61,1.58,1.52,1.82,2.10
Putinga,4315206,-29.004500000000,-52.156900000000,1.50,2.73,2.84,2.59,1.48,1.84,0.86,0.91,1.95,1.57,3.69,1.44,-,0.83,1.20,1.48
Quaraí,4315305,-30.384000000000,-56.448300000000,1.94,2.36,2.52,2.91,3.50,2.73,3.70,3.35,4.08,3.47,3.94,3.18,3.43,2.37,4.85,5.99
"Quinze de Novembro",4315354,-28.746500000000,-53.101100000000,1.76,1.04,2.08,1.90,1.18,1.26,1.60,2.21,1.94,1.05,2.84,2.94,1.10,4.43,3.91,1.44
Redentora,4315404,-27.664000000000,-53.640700000000,1.41,1.50,2.32,2.43,2.74,2.66,1.13,2.07,3.00,2.75,4.38,3.20,2.51,2.31,2.68,3.18
Relvado,4315453,-29.116399999990,-52.077800000000,1.71,-,0.87,-,-,-,1.95,-,-,-,-,-,-,-,-,-
"Restinga Seca",4315503,-29.818800000000,-53.380699999990,1.24,1.08,1.85,1.71,1.27,1.31,1.56,2.14,2.20,2.00,2.15,1.43,0.46,1.34,1.68,4.60
"Rio Grande",4315602,-32.034900000000,-52.107100000000,4.79,4.43,5.03,4.73,4.74,4.56,4.41,4.68,5.48,5.12,5.04,5.15,4.57,4.69,4.89,4.75
"Rio Pardo",4315701,-29.988000000000,-52.371099999990,2.73,2.76,2.54,2.69,1.90,2.65,2.88,2.99,3.10,3.87,4.64,3.91,2.91,3.72,3.90,4.02
Riozinho,4315750,-29.638999999990,-50.448799999990,0.40,0.68,1.38,2.41,1.74,1.30,2.46,1.00,1.48,0.78,1.76,4.14,2.10,2.66,2.90,5.88
"Roca Sales",4315800,-29.288399999990,-51.865800000000,1.67,1.59,1.84,1.13,0.46,0.83,0.83,0.51,0.63,0.58,0.17,2.50,-,2.01,1.45,0.97
"Rodeio Bonito",4315909,-27.474200000000,-53.170600000000,0.85,0.68,2.69,1.38,2.65,1.49,1.92,2.31,1.32,1.51,1.44,1.46,1.65,2.06,2.09,1.39
Rolante,4316006,-29.646200000000,-50.581899999990,1.34,2.40,0.97,1.38,1.08,1.48,1.73,1.54,3.05,2.28,3.23,3.04,4.01,2.70,4.46,4.03
"Ronda Alta",4316105,-27.775800000000,-52.805599999990,1.79,1.06,1.05,1.93,1.95,1.20,1.26,1.46,1.36,2.29,1.89,2.47,2.50,3.17,2.53,1.75
Rondinha,4316204,-27.831499999990,-52.908099999990,0.68,1.00,1.33,0.90,1.93,1.46,1.41,1.40,0.92,1.94,0.32,0.76,0.36,0.80,0.71,1.02
"Roque Gonzales",4316303,-28.129700000000,-55.026600000000,0.94,1.26,2.80,1.53,3.33,4.03,1.64,4.99,2.48,2.95,3.38,2.54,2.99,3.48,0.54,1.16
"Rosário do Sul",4316402,-30.251500000000,-54.922100000000,3.29,3.36,4.13,3.92,4.43,4.43,5.45,4.87,5.32,5.57,5.05,6.78,5.31,6.06,7.95,6.46
"Saldanha Marinho",4316436,-28.394100000000,-53.097000000000,0.73,1.01,3.19,1.31,0.40,-,1.02,3.64,-,-,-,-,0.59,2.16,0.88,4.00
"Salto do Jacuí",4316451,-29.095099999990,-53.213299999990,0.58,1.63,0.60,0.25,1.57,1.55,1.10,1.14,-,-,-,-,0.86,2.24,3.10,3.37
"Salvador do Sul",4316501,-29.438600000000,-51.507700000000,1.27,0.75,2.05,1.24,1.07,0.83,2.58,2.24,2.55,2.01,2.53,0.38,1.76,3.27,2.29,1.94
Sananduva,4316600,-27.946999999990,-51.807899999990,1.48,0.68,1.21,1.46,0.57,1.11,0.94,1.27,1.26,0.85,1.62,0.60,0.81,0.21,1.84,3.45
"Santa Bárbara do Sul",4316709,-28.365300000000,-53.250999999990,0.78,1.99,1.17,1.84,1.07,1.56,2.03,1.80,2.31,1.96,2.10,1.28,1.87,1.21,3.50,2.63
"Santa Clara do Sul",4316758,-29.474699999990,-52.084299999990,2.46,3.90,5.68,3.14,0.40,4.76,4.21,4.40,3.18,5.08,6.96,8.57,-,2.02,7.04,7.95
"Santa Cruz do Sul",4316808,-29.722000000000,-52.434300000000,3.80,3.72,3.73,4.25,3.85,4.08,4.27,4.52,4.51,4.90,4.94,5.56,5.10,4.81,4.70,5.19
"Santa Maria",4316907,-29.686800000000,-53.814999999990,4.82,4.33,4.53,4.61,5.26,4.99,5.19,4.12,4.16,4.52,4.20,4.44,4.83,4.88,4.46,4.25
"Santa Maria do Herval",4316956,-29.490200000000,-50.991900000000,1.26,1.05,1.51,0.20,-,-,-,-,-,-,-,-,-,-,-,-
"Santa Rosa",4317202,-27.870200000000,-54.479599999990,4.49,4.04,4.14,4.72,4.33,4.64,5.28,4.89,4.80,5.71,5.48,5.38,5.37,6.24,5.81,5.83
"Santa Vitória do Palmar",4317301,-33.524999999990,-53.371699999990,3.22,1.40,3.12,2.94,2.20,2.40,2.97,3.71,4.23,4.20,3.09,4.61,5.49,5.34,4.89,4.87
"Santana da Boa Vista",4317004,-30.869700000000,-53.109999999990,0.83,0.27,0.13,-,0.53,1.43,2.43,1.90,1.40,0.49,1.31,0.51,-,-,-,-
"Santana do Livramento",4317103,-30.887699999990,-55.531500000000,3.29,3.46,3.12,2.51,2.22,2.91,3.15,3.58,4.62,3.94,4.07,5.02,4.66,4.66,4.38,5.33
Santiago,4317400,-29.189699999990,-54.866599999990,3.47,2.85,2.54,2.33,2.30,2.81,2.93,3.98,3.81,4.08,3.42,3.76,3.34,3.59,4.00,5.17
"Santo Ângelo",4317509,-28.300100000000,-54.266800000000,3.60,3.21,3.50,3.34,3.39,3.83,3.81,4.26,4.64,4.34,4.84,5.26,4.72,5.20,5.38,5.16
"Santo Antônio da Patrulha",4317608,-29.826799999990,-50.517499999990,1.99,2.30,2.66,1.59,1.65,2.42,2.70,2.27,2.30,2.99,3.26,3.67,4.74,6.67,5.05,3.81
"Santo Antônio das Missões",4317707,-28.513999999990,-55.225099999990,-,0.66,0.86,0.41,0.56,0.92,0.46,0.69,2.01,0.65,1.13,-,-,-,-,-
"Santo Augusto",4317806,-27.852599999990,-53.777600000000,1.32,1.92,2.35,1.79,1.75,2.21,1.19,1.95,2.01,1.97,1.96,2.21,1.72,1.49,1.90,2.34
"Santo Cristo",4317905,-27.826300000000,-54.661999999990,2.65,2.29,4.60,3.53,2.50,2.49,3.40,3.78,3.21,4.69,4.20,4.17,4.21,3.38,3.43,4.00
"São Borja",4318002,-28.657800000000,-56.003599999990,3.23,2.87,3.73,3.09,3.24,3.52,3.79,4.46,5.17,3.98,3.94,4.98,4.31,4.66,5.99,5.45
"São Domingos do Sul",4318051,-28.531199999990,-51.886000000000,2.40,1.40,3.16,1.67,3.95,1.76,3.47,1.76,3.10,3.41,5.56,0.85,2.75,1.25,3.28,-
"São Francisco de Assis",4318101,-29.554700000000,-55.125300000000,2.98,3.42,3.69,3.48,3.28,2.19,3.20,2.68,3.72,4.98,4.28,4.23,4.48,5.33,4.22,5.98
"São Francisco de Paula",4318200,-29.440400000000,-50.582799999990,1.41,1.58,1.25,1.97,1.29,1.83,1.04,1.26,1.92,1.29,1.33,1.98,2.49,2.46,2.45,2.09
"São Gabriel",4318309,-30.333700000000,-54.321700000000,4.06,4.27,4.65,4.41,5.05,4.87,5.36,4.85,5.38,4.68,4.91,5.08,4.12,4.60,4.78,5.18
"São Jerônimo",4318408,-29.971599999990,-51.725099999990,2.49,2.41,2.26,2.10,2.60,3.18,2.70,2.84,3.12,3.41,4.06,3.54,4.49,5.03,4.31,4.90
"São João do Polêsine",4318432,-29.619399999990,-53.443899999990,0.68,-,1.21,1.12,0.80,-,-,-,-,-,-,-,-,-,-,-
"São José do Herval",4318465,-29.052000000000,-52.295000000000,-,-,-,-,0.24,0.47,0.95,1.80,0.44,3.19,3.11,4.02,4.49,3.91,0.76,6.33
"São José do Inhacorá",4318499,-27.725100000000,-54.127499999990,2.53,1.41,1.65,1.07,0.43,1.44,-,1.94,-,4.05,1.20,1.09,2.68,3.77,6.00,6.12
"São José do Norte",4318507,-32.015099999990,-52.033099999990,0.66,1.83,1.59,1.38,2.32,1.83,1.96,1.97,2.67,1.79,1.54,2.03,1.55,1.71,3.14,4.02
"São José do Ouro",4318606,-27.770700000000,-51.596600000000,1.24,1.38,0.92,1.77,1.48,0.31,1.35,1.89,1.06,1.38,1.63,1.83,1.27,1.86,2.02,2.21
"São Leopoldo",4318705,-29.754500000000,-51.149799999990,4.53,4.96,5.02,4.70,4.76,4.91,5.11,5.14,4.76,5.11,5.59,5.82,5.35,4.19,6.76,7.29
"São Lourenço do Sul",4318804,-31.356400000000,-51.971499999990,2.85,2.46,2.60,2.76,2.80,3.52,3.17,3.80,3.51,4.18,3.40,3.56,3.78,3.41,3.81,4.29
"São Luiz Gonzaga",4318903,-28.411999999990,-54.955900000000,3.68,2.77,3.19,2.26,3.34,3.96,3.59,4.29,5.04,3.93,3.91,4.39,5.45,4.43,4.44,5.00
"São Marcos",4319000,-28.967700000000,-51.069600000000,1.36,1.57,1.75,1.70,1.61,0.78,1.46,1.54,1.83,2.08,2.00,1.40,1.09,2.60,1.80,2.27
"São Martinho",4319109,-27.711200000000,-53.969900000000,2.10,3.21,1.87,3.19,2.27,3.15,1.33,2.72,0.78,1.26,0.73,3.27,2.31,3.97,7.69,5.56
"São Miguel das Missões",4319158,-28.556000000000,-54.555900000000,-,-,0.80,0.50,1.98,0.79,1.47,1.00,1.68,1.83,1.71,1.10,1.57,2.34,2.36,2.17
"São Nicolau",4319208,-28.183399999990,-55.265400000000,1.93,1.01,0.20,0.19,0.24,1.11,2.15,3.50,-,-,-,-,-,-,-,-
"São Paulo das Missões",4319307,-28.019500000000,-54.940399999990,0.55,1.20,1.16,1.40,1.35,1.74,1.85,2.34,1.88,2.86,3.04,2.54,1.13,4.62,3.10,2.97
"São Pedro do Sul",4319406,-29.620200000000,-54.185499999990,2.32,3.70,2.81,2.49,3.88,4.55,3.19,3.36,5.00,5.49,5.05,4.63,5.29,3.47,4.85,4.74
"São Sebastião do Caí",4319505,-29.588500000000,-51.374899999990,3.05,2.17,2.92,2.85,2.32,2.75,2.87,2.39,3.83,4.32,7.24,5.62,4.60,5.75,4.57,3.25
"São Sepé",4319604,-30.164300000000,-53.560299999990,0.70,1.37,0.97,0.83,1.82,2.07,3.76,3.68,4.41,3.79,2.39,3.67,3.28,3.91,4.54,4.03
"São Valentim",4319703,-27.558299999990,-52.523699999990,1.91,1.27,1.24,0.83,1.13,0.92,0.31,-,-,-,-,-,-,-,-,-
"São Vicente do Sul",4319802,-29.688199999990,-54.682600000000,2.05,0.35,1.92,1.27,1.78,1.32,1.64,2.03,1.01,1.91,1.70,2.61,1.86,2.82,2.11,4.75
Sapiranga,4319901,-29.634899999990,-51.006500000000,2.04,1.80,1.90,1.88,2.25,2.45,2.55,2.94,2.94,4.27,4.88,5.17,4.87,5.03,4.10,4.74
"Sapucaia do Sul",4320008,-29.827600000000,-51.145000000000,3.95,4.24,4.66,4.76,4.48,3.98,4.35,3.97,3.74,4.40,5.01,5.78,5.45,5.81,5.46,6.23
Sarandi,4320107,-27.942000000000,-52.923099999990,1.63,1.21,1.04,1.81,1.78,1.60,1.62,1.42,3.27,2.96,2.69,3.86,2.78,4.78,3.16,3.31
Seberi,4320206,-27.482900000000,-53.402600000000,1.95,2.28,3.18,1.93,1.59,2.05,1.07,2.69,2.33,2.82,2.33,2.65,2.94,2.56,3.16,3.81
Segredo,4320263,-29.352300000000,-52.976700000000,-,0.33,1.11,1.06,1.68,1.39,2.69,1.09,1.47,0.27,2.16,0.97,1.92,1.96,3.28,2.14
Selbach,4320305,-28.629400000000,-52.949800000000,-,-,-,0.22,1.82,1.79,2.92,2.23,3.75,1.82,4.20,1.61,2.55,1.61,0.64,0.52
"Serafina Corrêa",4320404,-28.712599999990,-51.935299999990,0.69,1.20,1.50,1.48,0.60,0.72,0.41,0.60,-,-,0.92,1.30,1.32,2.74,2.61,2.06
Sério,4320453,-29.390400000000,-52.268500000000,-,-,-,-,-,-,-,4.76,1.45,0.65,0.71,3.00,-,-,-,-
Sertão,4320503,-27.979800000000,-52.258800000000,1.20,1.41,1.46,1.30,0.95,1.34,0.83,1.26,2.43,1.50,0.69,1.69,1.72,1.46,1.88,-
"Severiano de Almeida",4320602,-27.436199999990,-52.121699999990,1.49,0.40,0.93,0.50,1.63,1.59,1.43,1.75,0.73,0.93,1.04,0.58,3.08,2.66,1.21,0.91
"Silveira Martins",4320651,-29.646699999990,-53.591000000000,1.22,2.54,4.85,15.38,4.23,1.92,1.92,6.90,-,-,-,2.35,7.69,15.38,-,-
Sinimbu,4320677,-29.535699999990,-52.530500000000,2.82,1.55,2.47,3.68,2.65,2.75,3.10,3.69,2.69,3.29,4.92,3.05,5.02,4.91,3.91,6.01
Sobradinho,4320701,-29.419400000000,-53.032600000000,1.64,1.70,1.93,1.48,2.08,1.69,1.93,1.93,1.72,2.15,1.68,2.03,2.01,2.04,2.86,2.27
Soledade,4320800,-28.830600000000,-52.513100000000,2.73,2.14,1.78,2.62,2.91,2.12,2.73,2.31,3.45,3.21,3.85,4.39,3.36,3.35,4.15,5.45
Tapejara,4320909,-28.065200000000,-52.009700000000,1.10,1.00,1.23,1.03,0.90,1.16,1.14,1.00,1.85,1.13,1.85,2.65,2.54,2.60,1.87,2.03
Tapera,4321006,-28.627700000000,-52.861199999990,1.42,1.54,0.90,1.43,1.11,0.94,1.33,2.37,2.84,2.40,2.03,2.86,2.64,3.15,3.37,2.02
Tapes,4321105,-30.668299999990,-51.399099999990,2.51,1.18,2.12,1.06,1.88,2.14,3.26,3.85,3.77,3.04,3.87,4.96,0.55,-,0.33,8.12
Taquara,4321204,-29.650500000000,-50.775300000000,2.16,2.10,2.25,2.29,2.66,2.73,2.06,2.76,2.26,2.09,2.60,4.52,3.21,4.83,6.11,5.76
Taquari,4321303,-29.794300000000,-51.865299999990,3.21,2.70,2.23,3.30,3.47,4.47,3.85,2.54,3.80,3.83,3.49,4.16,3.79,4.08,3.39,3.76
"Taquaruçu do Sul",4321329,-27.400400000000,-53.470300000000,-,-,0.28,1.34,1.52,0.89,1.47,0.51,-,1.87,1.63,2.56,2.38,-,-,4.55
"Tenente Portela",4321402,-27.371099999990,-53.758499999990,1.20,1.46,1.74,0.78,0.42,0.68,0.77,0.08,0.99,1.77,0.90,1.45,2.32,2.14,2.46,1.91
"Terra de Areia",4321436,-29.578199999990,-50.064399999990,0.18,0.20,0.27,-,-,-,-,-,-,-,-,-,-,-,-,-
Teutônia,4321451,-29.448200000000,-51.804400000000,0.88,1.26,1.07,0.37,0.91,2.22,2.17,2.02,2.28,2.09,3.16,3.89,3.85,3.73,3.50,4.10
Torres,4321501,-29.333400000000,-49.733300000000,1.65,1.74,2.29,2.58,3.44,3.95,3.55,3.45,3.98,4.62,5.03,5.50,5.65,7.04,6.99,5.41
Tramandaí,4321600,-29.984100000000,-50.132199999990,3.04,3.97,2.79,4.79,4.24,5.74,6.28,6.82,6.37,6.99,6.20,6.18,6.67,7.02,7.89,7.90
"Três Arroios",4321634,-27.500299999990,-52.144799999990,0.38,0.43,1.00,-,0.46,2.00,2.67,1.62,1.19,2.86,1.75,2.11,-,1.74,1.11,3.08
"Três Coroas",4321709,-29.513700000000,-50.773899999990,2.49,2.46,2.88,2.30,2.62,2.27,2.74,3.13,3.65,3.21,2.94,4.28,4.34,3.03,2.94,3.29
"Três de Maio",4321808,-27.780000000000,-54.235700000000,1.40,0.76,0.94,2.50,2.29,2.76,3.32,3.27,3.84,4.92,4.96,3.95,2.86,3.29,5.25,4.85
"Três Passos",4321907,-27.455500000000,-53.929600000000,2.59,2.06,2.13,2.34,3.49,2.68,3.25,3.56,3.28,3.45,3.70,4.15,4.59,6.31,8.42,7.69
"Trindade do Sul",4321956,-27.523900000000,-52.895600000000,-,-,1.46,1.27,1.10,2.06,0.88,2.34,2.32,1.27,1.35,1.95,1.51,1.93,2.35,1.66
Triunfo,4322004,-29.929099999990,-51.707500000000,1.60,1.29,0.99,1.27,0.58,1.04,1.93,1.40,0.75,1.50,1.43,2.97,2.74,3.33,2.99,4.38
Tucunduva,4322103,-27.657299999990,-54.443899999990,0.49,0.58,0.21,0.19,0.70,0.58,1.49,1.17,1.55,0.75,0.95,0.78,-,0.99,2.17,2.68
Tupanciretã,4322202,-29.085799999990,-53.844499999990,1.28,0.78,2.16,2.21,2.57,2.59,2.48,2.19,2.08,3.64,1.29,1.41,1.81,2.67,2.20,1.94
Tuparendi,4322301,-27.759799999990,-54.481400000000,1.29,1.67,1.25,1.87,1.65,2.49,1.74,2.02,1.59,2.06,2.39,2.31,4.47,2.86,3.95,3.77
Ubiretama,4322343,-28.040400000000,-54.685899999990,-,-,-,-,-,1.18,4.72,2.78,-,-,-,-,-,-,-,-
Uruguaiana,4322400,-29.761399999990,-57.085299999990,4.01,3.91,4.12,4.28,3.97,4.57,4.70,5.42,5.30,4.95,5.00,5.43,6.05,6.89,6.53,5.98
Vacaria,4322509,-28.507899999990,-50.941800000000,2.76,2.78,3.02,3.28,3.40,4.03,3.73,3.66,4.05,3.46,3.96,4.39,3.25,4.21,5.06,5.24
"Vale do Sol",4322533,-29.596699999990,-52.683900000000,-,-,-,1.49,0.58,1.41,2.09,3.55,3.02,3.23,2.71,3.83,3.11,2.31,3.81,4.61
"Venâncio Aires",4322608,-29.614300000000,-52.193199999990,2.67,1.74,2.40,2.75,2.17,2.53,3.26,3.15,4.48,4.20,3.81,3.87,4.34,4.77,4.43,4.90
"Vera Cruz",4322707,-29.718399999990,-52.515200000000,2.72,-,2.33,2.69,2.24,3.10,2.55,3.72,4.75,4.41,3.65,2.78,2.73,4.28,4.03,2.67
Veranópolis,4322806,-28.931200000000,-51.551600000000,1.95,1.53,2.26,1.55,2.07,2.36,2.65,2.44,3.28,3.90,3.77,2.80,3.56,3.82,3.59,3.40
Viadutos,4322905,-27.571600000000,-52.021099999990,0.71,0.56,0.58,0.31,0.74,1.43,0.76,2.45,2.14,2.70,2.23,1.97,2.05,1.30,3.66,5.31
Viamão,4323002,-30.081900000000,-51.019399999990,2.90,-,-,-,-,-,-,0.69,3.21,4.82,6.19,8.00,6.92,7.12,6.78,7.05
"Vicente Dutra",4323101,-27.160799999990,-53.402200000000,0.21,1.01,1.04,0.44,0.82,0.28,2.53,1.47,1.25,0.44,1.48,1.36,0.46,1.15,1.82,3.81
"Victor Graeff",4323200,-28.563199999990,-52.749499999990,2.65,0.65,1.93,0.93,1.07,1.73,1.80,1.62,1.97,1.87,2.54,0.95,3.51,7.48,4.17,5.13
"Vila Maria",4323408,-28.535900000000,-52.148699999990,0.48,1.00,0.47,1.01,1.13,0.94,1.81,1.82,2.13,-,3.86,2.62,0.78,-,-,-
"Vista Gaúcha",4323705,-27.290199999990,-53.697400000000,1.68,0.25,0.29,0.19,1.62,2.58,0.59,1.67,1.69,1.40,3.95,1.67,0.85,0.79,-,-
